{"cameraMode":{"drawMode":0,"name":"Shaded","section":"Shading Mode"},"sceneLighting":false,"audioPlay":false,"sceneViewState":{"m_AlwaysRefresh":false,"showFog":true,"showSkybox":false,"showFlares":true,"showImageEffects":true,"showParticleSystems":true,"showVisualEffectGraphs":true,"m_FxEnabled":true},"in2DMode":false,"pivot":{"x":0.05485096573829651,"y":1.1468901634216309,"z":-16.037235260009767},"rotation":{"x":0.2681291997432709,"y":-0.018204353749752046,"z":0.0050676967948675159,"w":0.9631983637809753},"size":0.8660253882408142,"orthographic":false}