{"cameraMode":{"drawMode":0,"name":"Shaded","section":"Shading Mode"},"sceneLighting":false,"audioPlay":false,"sceneViewState":{"m_AlwaysRefresh":false,"showFog":true,"showSkybox":false,"showFlares":true,"showImageEffects":true,"showParticleSystems":true,"showVisualEffectGraphs":true,"m_FxEnabled":true},"in2DMode":false,"pivot":{"x":0.1389840692281723,"y":0.560348391532898,"z":-1.1194827556610108},"rotation":{"x":0.0009781525004655123,"y":-0.9878371953964233,"z":0.15536507964134217,"w":0.006219451315701008},"size":1.7514240741729737,"orthographic":false}